StartDate,EndDate,Status,IPAddress,Progress,Duration (in seconds),Finished,RecordedDate,ResponseId,RecipientLastName,RecipientFirstName,RecipientEmail,ExternalReference,LocationLatitude,LocationLongitude,DistributionChannel,UserLanguage,Q2.1,Q2.2,Q2.3_1,Q2.3_2,Q2.3_3,Q2.4,Q2.4_3_TEXT,Q2.5,Q2.5_3_TEXT,Q2.6,Q2.6_3_TEXT,Q2.7,Q2.8,Q2.9,Q3.1_1,Q3.1_2,Q3.1_3,Q3.1_4,Q3.1_5,Q3.1_6,Q3.1_7,Q3.1_8,Q3.1_9,Q3.1_9_TEXT,Q4.1,Q4.2_1,Q4.3_1_1,Q4.3_1_2,Q4.3_1_3,Q4.3_1_4,Q4.3_1_5,Q4.3_2_1,Q4.3_2_2,Q4.3_2_3,Q4.3_2_4,Q4.3_2_5,Q4.3_3_1,Q4.3_3_2,Q4.3_3_3,Q4.3_3_4,Q4.3_3_5,Q4.3_4_1,Q4.3_4_2,Q4.3_4_3,Q4.3_4_4,Q4.3_4_5,Q4.4_1,Q4.5_1,Q5.1,Q5.2_1,Q5.3_1,Q5.4_1,Q5.5_1_1,Q5.5_1_2,Q5.5_1_3,Q5.5_1_4,Q5.5_1_5,Q5.5_2_1,Q5.5_2_2,Q5.5_2_3,Q5.5_2_4,Q5.5_2_5,Q5.5_3_1,Q5.5_3_2,Q5.5_3_3,Q5.5_3_4,Q5.5_3_5,Q5.5_4_1,Q5.5_4_2,Q5.5_4_3,Q5.5_4_4,Q5.5_4_5,Q5.6_1,Q5.7_1,Q6.1,Q6.2,Q6.3,Q6.4,Q6.5,Q6.6,Q6.7,Q6.8,Q6.9,Q6.10,Q6.11,Q6.12,Q7.1,Q49_1,Q49_2,Q49_3,Q49_4,Q49_5,Q49_6,Q49_7,Q49_8,Q49_9,Q49_10,Q49_11,Q49_12,Q49_13,Q49_14,Q49_15,Q49_16,Q49_17,Q49_18,Q49_19,Q49_20,Q49_21,Q49_22,Q49_23,Q49_24,Q49_25,Q49_26,Q49_27,Q49_28,Q49_29,Q49_30,Q49_31,Q49_32,Q49_33,Q49_34,Q49_35,Q49_36,Q49_37,Q49_38,Q49_39,Q49_40,Q49_41,Q49_42,Q49_43,Q49_44,Q49_45,Q49_46,Q49_47,Q49_48,Q49_49,Q49_50,Q49_51,Q49_52,Q49_53,Q49_54,Q49_55,Q49_56,Q49_57,Q49_58,Q49_59,Q49_60,Q49_61,Q49_62,Q49_63,Q49_64,Q49_65,Q49_66,Q49_67,Q49_68,Q49_69,Q49_70,Q49_71,Q49_72,Q49_73,Q49_74,Q49_75,Q49_76,Q49_77,Q49_78,Q49_79,Q49_80,Q49_81,Q49_82,Q49_83,Q49_84,Q49_85,Q49_86,Q49_87,Q49_88,Q49_89,Q49_90,SC0,SC1
Start Date,End Date,Response Type,IP Address,Progress,Duration (in seconds),Finished,Recorded Date,Response ID,Recipient Last Name,Recipient First Name,Recipient Email,External Data Reference,Location Latitude,Location Longitude,Distribution Channel,User Language,Participant ID number,Age,Today’s date - Month,Today’s date - Day,Today’s date - Year,Gender - Selected Choice,Gender - Other - Text,Sexual orientation - Selected Choice,Sexual orientation - Other - Text,Education - Selected Choice,Education - Other - Text,Handedness,List of Countries,Country of residence,"Please check all the language(s) you know. If there are other languages you know that aren't listed, please indicate in ""other"". - Selected Choice - English","Please check all the language(s) you know. If there are other languages you know that aren't listed, please indicate in ""other"". - Selected Choice - Spanish","Please check all the language(s) you know. If there are other languages you know that aren't listed, please indicate in ""other"". - Selected Choice - Hindi","Please check all the language(s) you know. If there are other languages you know that aren't listed, please indicate in ""other"". - Selected Choice - Chinese mandarin","Please check all the language(s) you know. If there are other languages you know that aren't listed, please indicate in ""other"". - Selected Choice - Korean","Please check all the language(s) you know. If there are other languages you know that aren't listed, please indicate in ""other"". - Selected Choice - Hebrew","Please check all the language(s) you know. If there are other languages you know that aren't listed, please indicate in ""other"". - Selected Choice - Russian","Please check all the language(s) you know. If there are other languages you know that aren't listed, please indicate in ""other"". - Selected Choice - Arabic","Please check all the language(s) you know. If there are other languages you know that aren't listed, please indicate in ""other"". - Selected Choice - Other","Please check all the language(s) you know. If there are other languages you know that aren't listed, please indicate in ""other"". - Other - Text",Is English your native language?,"How many years of classes (grammar, history, math, etc.) have you had in English (primary school through university)? - Years","Rate your current ability of English in terms of listening, speaking, reading and writing. - Listening - Very poor","Rate your current ability of English in terms of listening, speaking, reading and writing. - Listening - Poor","Rate your current ability of English in terms of listening, speaking, reading and writing. - Listening - Average","Rate your current ability of English in terms of listening, speaking, reading and writing. - Listening - Good","Rate your current ability of English in terms of listening, speaking, reading and writing. - Listening - Very good","Rate your current ability of English in terms of listening, speaking, reading and writing. - Speaking - Very poor","Rate your current ability of English in terms of listening, speaking, reading and writing. - Speaking - Poor","Rate your current ability of English in terms of listening, speaking, reading and writing. - Speaking - Average","Rate your current ability of English in terms of listening, speaking, reading and writing. - Speaking - Good","Rate your current ability of English in terms of listening, speaking, reading and writing. - Speaking - Very good","Rate your current ability of English in terms of listening, speaking, reading and writing. - Reading - Very poor","Rate your current ability of English in terms of listening, speaking, reading and writing. - Reading - Poor","Rate your current ability of English in terms of listening, speaking, reading and writing. - Reading - Average","Rate your current ability of English in terms of listening, speaking, reading and writing. - Reading - Good","Rate your current ability of English in terms of listening, speaking, reading and writing. - Reading - Very good","Rate your current ability of English in terms of listening, speaking, reading and writing. - Writing - Very poor","Rate your current ability of English in terms of listening, speaking, reading and writing. - Writing - Poor","Rate your current ability of English in terms of listening, speaking, reading and writing. - Writing - Average","Rate your current ability of English in terms of listening, speaking, reading and writing. - Writing - Good","Rate your current ability of English in terms of listening, speaking, reading and writing. - Writing - Very good","In an average week,  in all kinds of activities, what percentage of the time do you use in English? - Percentage",Do you feel comfortable when you speak English?,Is Spanish your native language?,At what age did you start learning Spanish? - Age,"How many years of classes (grammar, history, math, etc.) have you had in Spanish (primary school through university)? - Years",At what age did you start to feel comfortable using Spanish? - Age,"Rate your current ability of Spanish in terms of listening, speaking, reading and writing. - Listening - Very poor","Rate your current ability of Spanish in terms of listening, speaking, reading and writing. - Listening - Poor","Rate your current ability of Spanish in terms of listening, speaking, reading and writing. - Listening - Average","Rate your current ability of Spanish in terms of listening, speaking, reading and writing. - Listening - Good","Rate your current ability of Spanish in terms of listening, speaking, reading and writing. - Listening - Very good","Rate your current ability of Spanish in terms of listening, speaking, reading and writing. - Speaking - Very poor","Rate your current ability of Spanish in terms of listening, speaking, reading and writing. - Speaking - Poor","Rate your current ability of Spanish in terms of listening, speaking, reading and writing. - Speaking - Average","Rate your current ability of Spanish in terms of listening, speaking, reading and writing. - Speaking - Good","Rate your current ability of Spanish in terms of listening, speaking, reading and writing. - Speaking - Very good","Rate your current ability of Spanish in terms of listening, speaking, reading and writing. - Reading - Very poor","Rate your current ability of Spanish in terms of listening, speaking, reading and writing. - Reading - Poor","Rate your current ability of Spanish in terms of listening, speaking, reading and writing. - Reading - Average","Rate your current ability of Spanish in terms of listening, speaking, reading and writing. - Reading - Good","Rate your current ability of Spanish in terms of listening, speaking, reading and writing. - Reading - Very good","Rate your current ability of Spanish in terms of listening, speaking, reading and writing. - Writing - Very poor","Rate your current ability of Spanish in terms of listening, speaking, reading and writing. - Writing - Poor","Rate your current ability of Spanish in terms of listening, speaking, reading and writing. - Writing - Average","Rate your current ability of Spanish in terms of listening, speaking, reading and writing. - Writing - Good","Rate your current ability of Spanish in terms of listening, speaking, reading and writing. - Writing - Very good","In an average week,  in all kinds of activities, what percentage of the time do you use in Spanish? - Percentage",Do you feel comfortable when you speak Spanish?,Sometimes I do not remember or I cannot recall some English words when I am speaking in English.,Sometimes I do not remember or I cannot recall some Spanish words when I am speaking in Spanish.,"I tend to switch languages during a conversation (for example, I switch from English to Spanish or vice versa).","When I cannot recall a word in Spanish, I tend to immediately produce it in English.","When I cannot recall a word in English, I tend to immediately produce it in Spanish.","I do not realize when I switch the language during a conversation (e.g., from English to Spanish) or when I mix the two languages; I often realize it only if I am informed of the switch by another person.","When I switch languages, I do it consciously.",It is difficult for me to control the language switches I introduce during a conversation.,"Without intending to, I sometimes produce the Spanish word faster when I am speaking in English.","Without intending to, I sometimes produce the English word faster when I am speaking in Spanish.",There are situations in which I always switch between the two languages.,There are certain topics or issues for which I normally switch between the two languages.,Use the comment box below to indicate any additional answers to any of the questions above that you feel better describe your language background or usage.,Tick the box next to the words you think are real word - terzo,Tick the box next to the words you think are real word - pellizcar,Tick the box next to the words you think are real word - pulmones,Tick the box next to the words you think are real word - batillón,Tick the box next to the words you think are real word - zapato,Tick the box next to the words you think are real word - tergiversar,Tick the box next to the words you think are real word - pésimo,Tick the box next to the words you think are real word - cadeña,Tick the box next to the words you think are real word - hacha,Tick the box next to the words you think are real word - antar,Tick the box next to the words you think are real word - cenefa,Tick the box next to the words you think are real word - asesinato,Tick the box next to the words you think are real word - helar,Tick the box next to the words you think are real word - yunque,Tick the box next to the words you think are real word - regar,Tick the box next to the words you think are real word - abracer,Tick the box next to the words you think are real word - floroso,Tick the box next to the words you think are real word - arsa,Tick the box next to the words you think are real word - brecedad,Tick the box next to the words you think are real word - ávido,Tick the box next to the words you think are real word - capillo,Tick the box next to the words you think are real word - lacayo,Tick the box next to the words you think are real word - lampera,Tick the box next to the words you think are real word - látigo,Tick the box next to the words you think are real word - bisagra,Tick the box next to the words you think are real word - secuestro,Tick the box next to the words you think are real word - acutación,Tick the box next to the words you think are real word - merodear,Tick the box next to the words you think are real word - decar,Tick the box next to the words you think are real word - alardio,Tick the box next to the words you think are real word - pandilla,Tick the box next to the words you think are real word - fatacidad,Tick the box next to the words you think are real word - pauca,Tick the box next to the words you think are real word - aviso,Tick the box next to the words you think are real word - rompido,Tick the box next to the words you think are real word - loro,Tick the box next to the words you think are real word - granuja,Tick the box next to the words you think are real word - estornudar,Tick the box next to the words you think are real word - torpe,Tick the box next to the words you think are real word - alfombra,Tick the box next to the words you think are real word - rebuscar,Tick the box next to the words you think are real word - cadallo,Tick the box next to the words you think are real word - canela,Tick the box next to the words you think are real word - cuchara,Tick the box next to the words you think are real word - jilguero,Tick the box next to the words you think are real word - martillo,Tick the box next to the words you think are real word - cartinar,Tick the box next to the words you think are real word - ladrón,Tick the box next to the words you think are real word - ganar,Tick the box next to the words you think are real word - flamida,Tick the box next to the words you think are real word - candado,Tick the box next to the words you think are real word - camisa,Tick the box next to the words you think are real word - vegada,Tick the box next to the words you think are real word - fomentar,Tick the box next to the words you think are real word - nevar,Tick the box next to the words you think are real word - musgo,Tick the box next to the words you think are real word - tacaño,Tick the box next to the words you think are real word - plaudir,Tick the box next to the words you think are real word - besar,Tick the box next to the words you think are real word - matar,Tick the box next to the words you think are real word - seda,Tick the box next to the words you think are real word - flaco,Tick the box next to the words you think are real word - esposante,Tick the box next to the words you think are real word - orgulloso,Tick the box next to the words you think are real word - bizcocho,Tick the box next to the words you think are real word - hacido,Tick the box next to the words you think are real word - cabello,Tick the box next to the words you think are real word - alegre,Tick the box next to the words you think are real word - engatusar,Tick the box next to the words you think are real word - temblo,Tick the box next to the words you think are real word - polvoriento,Tick the box next to the words you think are real word - pemición,Tick the box next to the words you think are real word - hervidor,Tick the box next to the words you think are real word - cintro,Tick the box next to the words you think are real word - yacer,Tick the box next to the words you think are real word - atar,Tick the box next to the words you think are real word - tiburón,Tick the box next to the words you think are real word - frondoso,Tick the box next to the words you think are real word - tropaje,Tick the box next to the words you think are real word - hormiga,Tick the box next to the words you think are real word - pozo,Tick the box next to the words you think are real word - empirador,Tick the box next to the words you think are real word - guante,Tick the box next to the words you think are real word - escuto,Tick the box next to the words you think are real word - laúd,Tick the box next to the words you think are real word - barato,Tick the box next to the words you think are real word - grodo,Tick the box next to the words you think are real word - acantilado,Tick the box next to the words you think are real word - prisa,Tick the box next to the words you think are real word - clavel,Score,Lextale
"{""ImportId"":""startDate"",""timeZone"":""America/Denver""}","{""ImportId"":""endDate"",""timeZone"":""America/Denver""}","{""ImportId"":""status""}","{""ImportId"":""ipAddress""}","{""ImportId"":""progress""}","{""ImportId"":""duration""}","{""ImportId"":""finished""}","{""ImportId"":""recordedDate"",""timeZone"":""America/Denver""}","{""ImportId"":""_recordId""}","{""ImportId"":""recipientLastName""}","{""ImportId"":""recipientFirstName""}","{""ImportId"":""recipientEmail""}","{""ImportId"":""externalDataReference""}","{""ImportId"":""locationLatitude""}","{""ImportId"":""locationLongitude""}","{""ImportId"":""distributionChannel""}","{""ImportId"":""userLanguage""}","{""ImportId"":""QID1_TEXT""}","{""ImportId"":""QID2_TEXT""}","{""ImportId"":""QID3_1""}","{""ImportId"":""QID3_2""}","{""ImportId"":""QID3_3""}","{""ImportId"":""QID4""}","{""ImportId"":""QID4_3_TEXT""}","{""ImportId"":""QID5""}","{""ImportId"":""QID5_3_TEXT""}","{""ImportId"":""QID6""}","{""ImportId"":""QID6_3_TEXT""}","{""ImportId"":""QID7""}","{""ImportId"":""QID12""}","{""ImportId"":""QID13""}","{""ImportId"":""QID14"",""choiceId"":""1""}","{""ImportId"":""QID14"",""choiceId"":""2""}","{""ImportId"":""QID14"",""choiceId"":""3""}","{""ImportId"":""QID14"",""choiceId"":""4""}","{""ImportId"":""QID14"",""choiceId"":""5""}","{""ImportId"":""QID14"",""choiceId"":""6""}","{""ImportId"":""QID14"",""choiceId"":""7""}","{""ImportId"":""QID14"",""choiceId"":""8""}","{""ImportId"":""QID14"",""choiceId"":""9""}","{""ImportId"":""QID14_9_TEXT""}","{""ImportId"":""QID17""}","{""ImportId"":""QID21_1""}","{""ImportId"":""QID22_1"",""choiceId"":""1""}","{""ImportId"":""QID22_1"",""choiceId"":""2""}","{""ImportId"":""QID22_1"",""choiceId"":""3""}","{""ImportId"":""QID22_1"",""choiceId"":""4""}","{""ImportId"":""QID22_1"",""choiceId"":""5""}","{""ImportId"":""QID22_2"",""choiceId"":""1""}","{""ImportId"":""QID22_2"",""choiceId"":""2""}","{""ImportId"":""QID22_2"",""choiceId"":""3""}","{""ImportId"":""QID22_2"",""choiceId"":""4""}","{""ImportId"":""QID22_2"",""choiceId"":""5""}","{""ImportId"":""QID22_3"",""choiceId"":""1""}","{""ImportId"":""QID22_3"",""choiceId"":""2""}","{""ImportId"":""QID22_3"",""choiceId"":""3""}","{""ImportId"":""QID22_3"",""choiceId"":""4""}","{""ImportId"":""QID22_3"",""choiceId"":""5""}","{""ImportId"":""QID22_4"",""choiceId"":""1""}","{""ImportId"":""QID22_4"",""choiceId"":""2""}","{""ImportId"":""QID22_4"",""choiceId"":""3""}","{""ImportId"":""QID22_4"",""choiceId"":""4""}","{""ImportId"":""QID22_4"",""choiceId"":""5""}","{""ImportId"":""QID23_1""}","{""ImportId"":""QID24_1""}","{""ImportId"":""QID25""}","{""ImportId"":""QID26_1""}","{""ImportId"":""QID30_1""}","{""ImportId"":""QID31_1""}","{""ImportId"":""QID27_1"",""choiceId"":""1""}","{""ImportId"":""QID27_1"",""choiceId"":""2""}","{""ImportId"":""QID27_1"",""choiceId"":""3""}","{""ImportId"":""QID27_1"",""choiceId"":""4""}","{""ImportId"":""QID27_1"",""choiceId"":""5""}","{""ImportId"":""QID27_2"",""choiceId"":""1""}","{""ImportId"":""QID27_2"",""choiceId"":""2""}","{""ImportId"":""QID27_2"",""choiceId"":""3""}","{""ImportId"":""QID27_2"",""choiceId"":""4""}","{""ImportId"":""QID27_2"",""choiceId"":""5""}","{""ImportId"":""QID27_3"",""choiceId"":""1""}","{""ImportId"":""QID27_3"",""choiceId"":""2""}","{""ImportId"":""QID27_3"",""choiceId"":""3""}","{""ImportId"":""QID27_3"",""choiceId"":""4""}","{""ImportId"":""QID27_3"",""choiceId"":""5""}","{""ImportId"":""QID27_4"",""choiceId"":""1""}","{""ImportId"":""QID27_4"",""choiceId"":""2""}","{""ImportId"":""QID27_4"",""choiceId"":""3""}","{""ImportId"":""QID27_4"",""choiceId"":""4""}","{""ImportId"":""QID27_4"",""choiceId"":""5""}","{""ImportId"":""QID28_1""}","{""ImportId"":""QID29_1""}","{""ImportId"":""QID32""}","{""ImportId"":""QID34""}","{""ImportId"":""QID35""}","{""ImportId"":""QID36""}","{""ImportId"":""QID37""}","{""ImportId"":""QID38""}","{""ImportId"":""QID39""}","{""ImportId"":""QID40""}","{""ImportId"":""QID41""}","{""ImportId"":""QID42""}","{""ImportId"":""QID43""}","{""ImportId"":""QID44""}","{""ImportId"":""QID45_TEXT""}","{""ImportId"":""QID49"",""choiceId"":""1""}","{""ImportId"":""QID49"",""choiceId"":""2""}","{""ImportId"":""QID49"",""choiceId"":""3""}","{""ImportId"":""QID49"",""choiceId"":""4""}","{""ImportId"":""QID49"",""choiceId"":""5""}","{""ImportId"":""QID49"",""choiceId"":""6""}","{""ImportId"":""QID49"",""choiceId"":""7""}","{""ImportId"":""QID49"",""choiceId"":""8""}","{""ImportId"":""QID49"",""choiceId"":""9""}","{""ImportId"":""QID49"",""choiceId"":""10""}","{""ImportId"":""QID49"",""choiceId"":""11""}","{""ImportId"":""QID49"",""choiceId"":""12""}","{""ImportId"":""QID49"",""choiceId"":""13""}","{""ImportId"":""QID49"",""choiceId"":""14""}","{""ImportId"":""QID49"",""choiceId"":""15""}","{""ImportId"":""QID49"",""choiceId"":""16""}","{""ImportId"":""QID49"",""choiceId"":""17""}","{""ImportId"":""QID49"",""choiceId"":""18""}","{""ImportId"":""QID49"",""choiceId"":""19""}","{""ImportId"":""QID49"",""choiceId"":""20""}","{""ImportId"":""QID49"",""choiceId"":""21""}","{""ImportId"":""QID49"",""choiceId"":""22""}","{""ImportId"":""QID49"",""choiceId"":""23""}","{""ImportId"":""QID49"",""choiceId"":""24""}","{""ImportId"":""QID49"",""choiceId"":""25""}","{""ImportId"":""QID49"",""choiceId"":""26""}","{""ImportId"":""QID49"",""choiceId"":""27""}","{""ImportId"":""QID49"",""choiceId"":""28""}","{""ImportId"":""QID49"",""choiceId"":""29""}","{""ImportId"":""QID49"",""choiceId"":""30""}","{""ImportId"":""QID49"",""choiceId"":""31""}","{""ImportId"":""QID49"",""choiceId"":""32""}","{""ImportId"":""QID49"",""choiceId"":""33""}","{""ImportId"":""QID49"",""choiceId"":""34""}","{""ImportId"":""QID49"",""choiceId"":""35""}","{""ImportId"":""QID49"",""choiceId"":""36""}","{""ImportId"":""QID49"",""choiceId"":""37""}","{""ImportId"":""QID49"",""choiceId"":""38""}","{""ImportId"":""QID49"",""choiceId"":""39""}","{""ImportId"":""QID49"",""choiceId"":""40""}","{""ImportId"":""QID49"",""choiceId"":""41""}","{""ImportId"":""QID49"",""choiceId"":""42""}","{""ImportId"":""QID49"",""choiceId"":""43""}","{""ImportId"":""QID49"",""choiceId"":""44""}","{""ImportId"":""QID49"",""choiceId"":""45""}","{""ImportId"":""QID49"",""choiceId"":""46""}","{""ImportId"":""QID49"",""choiceId"":""47""}","{""ImportId"":""QID49"",""choiceId"":""48""}","{""ImportId"":""QID49"",""choiceId"":""49""}","{""ImportId"":""QID49"",""choiceId"":""50""}","{""ImportId"":""QID49"",""choiceId"":""51""}","{""ImportId"":""QID49"",""choiceId"":""52""}","{""ImportId"":""QID49"",""choiceId"":""53""}","{""ImportId"":""QID49"",""choiceId"":""54""}","{""ImportId"":""QID49"",""choiceId"":""55""}","{""ImportId"":""QID49"",""choiceId"":""56""}","{""ImportId"":""QID49"",""choiceId"":""57""}","{""ImportId"":""QID49"",""choiceId"":""58""}","{""ImportId"":""QID49"",""choiceId"":""59""}","{""ImportId"":""QID49"",""choiceId"":""60""}","{""ImportId"":""QID49"",""choiceId"":""61""}","{""ImportId"":""QID49"",""choiceId"":""62""}","{""ImportId"":""QID49"",""choiceId"":""63""}","{""ImportId"":""QID49"",""choiceId"":""64""}","{""ImportId"":""QID49"",""choiceId"":""65""}","{""ImportId"":""QID49"",""choiceId"":""66""}","{""ImportId"":""QID49"",""choiceId"":""67""}","{""ImportId"":""QID49"",""choiceId"":""68""}","{""ImportId"":""QID49"",""choiceId"":""69""}","{""ImportId"":""QID49"",""choiceId"":""70""}","{""ImportId"":""QID49"",""choiceId"":""71""}","{""ImportId"":""QID49"",""choiceId"":""72""}","{""ImportId"":""QID49"",""choiceId"":""73""}","{""ImportId"":""QID49"",""choiceId"":""74""}","{""ImportId"":""QID49"",""choiceId"":""75""}","{""ImportId"":""QID49"",""choiceId"":""76""}","{""ImportId"":""QID49"",""choiceId"":""77""}","{""ImportId"":""QID49"",""choiceId"":""78""}","{""ImportId"":""QID49"",""choiceId"":""79""}","{""ImportId"":""QID49"",""choiceId"":""80""}","{""ImportId"":""QID49"",""choiceId"":""81""}","{""ImportId"":""QID49"",""choiceId"":""82""}","{""ImportId"":""QID49"",""choiceId"":""83""}","{""ImportId"":""QID49"",""choiceId"":""84""}","{""ImportId"":""QID49"",""choiceId"":""85""}","{""ImportId"":""QID49"",""choiceId"":""86""}","{""ImportId"":""QID49"",""choiceId"":""87""}","{""ImportId"":""QID49"",""choiceId"":""88""}","{""ImportId"":""QID49"",""choiceId"":""89""}","{""ImportId"":""QID49"",""choiceId"":""90""}","{""ImportId"":""SC_9YMPo5yoeHkbPL0""}","{""ImportId"":""SC_7VXXTwdD3PYQ3FY""}"
3/27/23 16:41,3/27/23 17:05,IP Address,128.6.37.86,100,1405,TRUE,3/27/23 17:05,R_3sBmzKpyZUCI9sb,,,,,40.5511,-74.4606,anonymous,EN,052,19,March,27,2023,Cis female,,Other,,College,,Right-handed,United States of America,United States of America,English,,,,,,,,,,Yes,14,,,,,5,,,,,5,,,,,5,,,,,5,100,5,No,14,5,18,,,3,,,,,,Good,,,,Average,,,,,Average,,,15,Somewhat agree,Never,Frequently,Occasionally,Always,Never,Never,Always,Never,Never,Always,Very infrequently,Very infrequently,,,,pulmones,,zapato,,,,,,,,,,,,,,,,,,lampera,,,,,,,,,,,,,,,,,alfombra,,,,,,,,,ganar,,,camisa,,fomentar,,,,,besar,,seda,flaco,,,,,cabello,,,,,,,,,,,,,,,,,,,barato,,,prisa,clavel,72,11
3/30/23 23:31,3/30/23 23:36,IP Address,128.6.36.20,100,299,TRUE,3/30/23 23:36,R_2yedzSMYBXoMrEq,,,,,40.4992,-74.4996,anonymous,EN,217006778,19,March,31,2023,Cis male,,Heterosexual,,College,,Right-handed,Montenegro,United States of America,English,,,,,,,,,,Yes,10,,,,,5,,,,,5,,,,,5,,,,,5,100,5,No,14,4,18,,,Average,,,,,,Good,,,,,Good,,,,,Good,,20,Somewhat agree,Infrequently,Frequently,Never,Always,Never,Never,Never,Never,Occasionally,Occasionally,Never,Never,,,pellizcar,,batillón,zapato,,,,,,,,,,regar,abracer,floroso,,,,capillo,,,,,,,,,,pandilla,fatacidad,,aviso,,,,,torpe,alfombra,,,,,,,,,ganar,,,camisa,,fomentar,,,,,besar,matar,seda,,,orgulloso,,,cabello,alegre,,,,,,,,,,,tropaje,,,empirador,,,,,,,prisa,,67,3
4/3/23 12:52,4/3/23 13:05,IP Address,128.6.36.121,100,789,TRUE,4/3/23 13:05,R_3lAJgf5ydpxvHJr,,,,,40.488,-74.4544,anonymous,EN,JS,28,April,3,2023,Cis male,,Homosexual,,Graduate school,,Right-handed,China,United States of America,English,Spanish,,Chinese mandarin,,,,,,,No,13,,,Average,,5,,,Average,,5,,,Average,,5,,,Average,,5,75,5,No,20,10,20,,,Average,,,,,Average,,,,,Average,,,,,Average,,,40,Neither agree or disagree,Occasionally,Occasionally,Occasionally,Occasionally,Occasionally,Occasionally,Occasionally,Occasionally,Occasionally,Occasionally,Occasionally,Occasionally,,,,pulmones,batillón,zapato,,pésimo,,hacha,,,,,yunque,,,floroso,,,,capillo,,,,,secuestro,,,,alardio,,,,,,,,,,alfombra,rebuscar,,,cuchara,,,,ladrón,ganar,,,camisa,,,nevar,,tacaño,plaudir,besar,matar,seda,flaco,,orgulloso,,,cabello,alegre,,,polvoriento,,,,,atar,tiburón,,,hormiga,pozo,,guante,,,barato,,,prisa,,63,19
4/3/23 13:07,4/3/23 13:11,IP Address,128.6.36.121,100,259,TRUE,4/3/23 13:11,R_2ql8Q5csxq6C4zq,,,,,40.488,-74.4544,anonymous,EN,AJ,24,April,3,2023,Cis male,,Homosexual,,Graduate school,,Right-handed,Spain,Spain,English,Spanish,,,,,,,Other,,No,12,,,Average,,5,,,Average,,5,,,Average,,5,,,Average,,5,58,5,Yes,21,15,21,,,,Good,,,,,Good,,,,,Good,,,,,Good,,53,Neither agree or disagree,Occasionally,Occasionally,Occasionally,Occasionally,Occasionally,Occasionally,Occasionally,Occasionally,Occasionally,Occasionally,Occasionally,Occasionally,,,pellizcar,pulmones,,zapato,tergiversar,pésimo,,hacha,,cenefa,asesinato,helar,,regar,,,,,ávido,,lacayo,,látigo,bisagra,secuestro,,merodear,,alardio,pandilla,,,aviso,,loro,granuja,estornudar,torpe,alfombra,rebuscar,,canela,cuchara,jilguero,martillo,,ladrón,ganar,,,camisa,,fomentar,nevar,musgo,tacaño,,besar,matar,seda,flaco,,orgulloso,bizcocho,,cabello,alegre,engatusar,,polvoriento,,hervidor,,yacer,atar,tiburón,frondoso,,hormiga,pozo,,guante,,laúd,barato,,acantilado,prisa,clavel,67,56
4/4/23 09:50,4/4/23 09:53,IP Address,128.6.36.30,100,219,TRUE,4/4/23 09:53,R_2PechZtNdlGMycs,,,,,40.4992,-74.4996,anonymous,EN,095,19,April,4,2023,Cis male,,Heterosexual,,College,,Right-handed,Montenegro,United States of America,English,,,,,,,,,,Yes,12,,,,,5,,,,,5,,,,,5,,,,,5,100,5,No,14,4,18,,,3,,,,,Average,,,,,,Good,,,,,Good,,20,Neither agree or disagree,Never,Always,Never,Occasionally,Infrequently,Never,Never,Never,Never,Always,Never,Never,,,pellizcar,,batillón,zapato,,,cadeña,,,,,,,regar,,,,,,capillo,,,,,,,,,,,fatacidad,,aviso,,,,,torpe,alfombra,,,,cuchara,,,,,ganar,,candado,,,fomentar,,,,,,matar,seda,,,orgulloso,,hacido,,,,,,pemición,,,,,,,,,,,,,,barato,,,prisa,clavel,63,4
4/4/23 11:33,4/4/23 11:36,IP Address,63.97.50.10,100,168,TRUE,4/4/23 11:36,R_2TZTeVZDhX08wuW,,,,,32.8008,-96.7884,anonymous,EN,QSupport,test,,,,Other,test,Other,test,Other,test,Left-handed,Albania,Albania,,,,,,,,,Other,test,No,15,,,Average,,5,,,Average,,5,,,Average,,5,,,Average,,5,76,5,Yes,3,6,12,,,,,Very good,,,,,Very good,,,,,Very good,,,,,Very good,96,Agree,Always,Always,Always,Always,Always,Always,Always,Always,Always,Always,Always,Always,test,,pellizcar,pulmones,,zapato,,pésimo,,hacha,,,asesinato,,yunque,regar,,,,,,,,,látigo,bisagra,secuestro,,merodear,,,pandilla,,,aviso,,loro,,estornudar,torpe,alfombra,rebuscar,,canela,cuchara,,martillo,,,,,,,,,,,,,,,,,,,,,,,,,,,,,,,,,,,,,,,,,,,,,95,22
4/4/23 11:31,4/4/23 11:37,IP Address,128.6.36.253,100,405,TRUE,4/4/23 11:37,R_3gOA1C9pf6ptWz8,,,,,40.5511,-74.4606,anonymous,EN,CorrectQ49,20,January,1,2023,Cis male,,Prefer not to say,,Graduate school,,Right-handed,United States of America,United States of America,English,Spanish,,,,,,,,,Yes,9,,Poor,,,5,,Poor,,,5,,Poor,,,5,,Poor,,,5,41,5,No,14,8,16,,Poor,,,,,Poor,,,,,Poor,,,,,Poor,,,,41,Neither agree or disagree,Occasionally,Occasionally,Occasionally,Occasionally,Occasionally,Occasionally,Occasionally,Occasionally,Occasionally,Occasionally,Occasionally,Occasionally,,,pellizcar,pulmones,,zapato,tergiversar,pésimo,,hacha,,cenefa,asesinato,helar,yunque,regar,,,,,ávido,,lacayo,,látigo,bisagra,secuestro,,merodear,,,pandilla,,,aviso,,loro,granuja,estornudar,torpe,alfombra,rebuscar,,canela,cuchara,jilguero,martillo,,ladrón,ganar,,candado,camisa,,fomentar,nevar,musgo,tacaño,,besar,matar,seda,flaco,,orgulloso,bizcocho,,cabello,alegre,engatusar,,polvoriento,,hervidor,,yacer,atar,tiburón,frondoso,,hormiga,pozo,,guante,,laúd,barato,,acantilado,prisa,clavel,55,60
4/4/23 16:57,4/4/23 17:06,IP Address,47.16.26.218,100,557,TRUE,4/4/23 17:06,R_2wRYHptExDVvwGw,,,,,40.918,-73.9619,anonymous,EN,004,20,April,4,2023,Cis female,,Heterosexual,,College,,Right-handed,Albania,United States of America,English,,,Chinese mandarin,,,,,Other,Albanian,Yes,20,,,,,5,,,,,5,,,,,5,,,,,5,91,5,No,19,2,19,,,Average,,,,,Average,,,,,Average,,,,,Average,,,15,Somewhat disagree,Never,Frequently,Occasionally,Frequently,Never,Never,Frequently,Never,Very infrequently,Frequently,Never,Never,"Since my Spanish ability is not the strongest, I do not find myself switching or looking for the word when I forget in English as much as I do with Albanian which I am more comfortable with. ",terzo,,pulmones,batillón,zapato,,pésimo,cadeña,,antar,,asesinato,helar,,regar,abracer,floroso,arsa,,ávido,capillo,,lampera,látigo,,secuestro,acutación,,decar,alardio,pandilla,fatacidad,,aviso,,loro,granuja,,,,rebuscar,cadallo,canela,,,martillo,cartinar,ladrón,ganar,flamida,candado,camisa,,fomentar,nevar,,tacaño,plaudir,besar,matar,seda,flaco,esposante,,,hacido,cabello,alegre,engatusar,,polvoriento,pemición,hervidor,cintro,yacer,,tiburón,frondoso,tropaje,hormiga,pozo,empirador,guante,escuto,,barato,grodo,acantilado,prisa,,65,-9
4/4/23 20:15,4/4/23 20:23,IP Address,108.50.227.138,100,525,TRUE,4/4/23 20:23,R_2WHgR22c0b2OJ0O,,,,,40.5704,-74.5369,anonymous,EN,021,20,April,4,2023,Cis female,,Heterosexual,,College,,Right-handed,Philippines,United States of America,English,Spanish,,,,,,,,,Yes,14,,,,,5,,,,,5,,,,,5,,,,,5,100,5,No,5,0,20,,2,,,,,,Average,,,,,Average,,,,,Average,,,5,Somewhat disagree,Infrequently,Always,Infrequently,Always,Never,Never,Always,Never,Never,Always,Occasionally,Frequently,,,,,,zapato,,,,,,,,,,,,,,,,,,,,,,,,,,,,,,,,,,torpe,,,,,cuchara,,martillo,,,ganar,,,camisa,,,,,,,,,,,,,,,cabello,,,,,,,,,,,,,,,,,,,barato,,,,,72,8
4/14/23 16:32,4/14/23 16:38,IP Address,24.228.180.109,100,395,TRUE,4/14/23 16:38,R_3nekXEjtkuXP0Ju,,,,,40.5802,-74.3594,anonymous,EN,010,21,May,14,2023,Cis female,,Heterosexual,,College,,Right-handed,India,United States of America,English,,,,,,,,,,Yes,15,,,,,5,,,,,5,,,,,5,,,,,5,100,5,No,21,1,21,1,,,,,,,Average,,,,Poor,,,,,Poor,,,,1,Disagree,Never,Frequently,Never,Frequently,Never,Never,Very infrequently,Never,Never,Frequently,Occasionally,Frequently,I started learning spanish last semester.,,,,batillón,zapato,,,,,antar,,,,,,abracer,,,,,,,,,,,,,,,,,,,,,,,,,rebuscar,,,,,,cartinar,,,,,camisa,,,,,,,,,,,,,,,cabello,,engatusar,,,,,,,,,,,,,,,,,,,,,,60,-3
4/20/23 22:40,4/20/23 22:46,IP Address,128.6.36.124,100,352,TRUE,4/20/23 22:46,R_29taMg0WssYVLjv,,,,,40.488,-74.4544,anonymous,EN,065,19,April,21,2023,Cis male,,Heterosexual,,College,,Left-handed,United States of America,United States of America,English,,,,,,,,,,Yes,13,,,,,5,,,,,5,,,,,5,,,,,5,100,5,No,10,6,15,,2,,,,,Poor,,,,,,Average,,,,,Average,,,5,Somewhat disagree,Never,Frequently,Infrequently,Frequently,Never,Never,Frequently,Never,Very infrequently,Frequently,Never,Very infrequently,,,,,batillón,zapato,,pésimo,cadeña,,,,,helar,,,abracer,,,,,capillo,,lampera,,,,,,decar,,,,,,,,granuja,estornudar,,,rebuscar,,,cuchara,,martillo,,,ganar,,,camisa,,fomentar,,,,,besar,matar,,flaco,esposante,,,,cabello,,,,,pemición,,,,,tiburón,,,,,,,,,barato,,,prisa,,63,2
4/24/23 11:16,4/24/23 11:20,IP Address,128.6.37.167,100,221,TRUE,4/24/23 11:20,R_qz6fHOld78VF0ch,,,,,40.5511,-74.4606,anonymous,EN,KA,9,March,6,1902,Cis female,,Homosexual,,College,,Left-handed,Algeria,Algeria,English,Spanish,,,,,,,,,No,11,,,Average,,5,,,Average,,5,,,Average,,5,,,Average,,5,52,5,Yes,12,10,13,,,Average,,,,,Average,,,,,Average,,,,,Average,,,38,Neither agree or disagree,Occasionally,Occasionally,Occasionally,Occasionally,Occasionally,Occasionally,Occasionally,Occasionally,Occasionally,Occasionally,Occasionally,Occasionally,,terzo,,pulmones,,zapato,,pésimo,,hacha,antar,,asesinato,helar,yunque,regar,,,,,,capillo,,,látigo,,secuestro,,,,,pandilla,,,aviso,,loro,,estornudar,torpe,alfombra,rebuscar,,canela,cuchara,,martillo,,ladrón,ganar,,candado,camisa,,fomentar,nevar,,tacaño,,besar,matar,,flaco,,orgulloso,bizcocho,,cabello,alegre,,temblo,polvoriento,,,,,atar,tiburón,,,hormiga,pozo,,guante,,,barato,,acantilado,prisa,clavel,63,36
4/25/23 09:02,4/25/23 09:06,IP Address,128.6.37.81,100,255,TRUE,4/25/23 09:06,R_1QmElFxV5nmxZEh,,,,,40.5511,-74.4606,anonymous,EN,032,20,April,25,2023,Cis female,,Heterosexual,,College,,Right-handed,United States of America,United States of America,English,Spanish,,,,,,,,,Yes,13,,,,,5,,,,,5,,,,,5,,,,,5,100,5,No,13,5,20,,2,,,,,Poor,,,,,,,Good,,,,Average,,,2,Somewhat disagree,Infrequently,Frequently,Infrequently,Always,Never,Never,Always,Never,Never,Very infrequently,Never,Never,,,,,,zapato,,pésimo,,hacha,antar,,,,,,,,,,,capillo,,,,,,,,,,,,,,,,,,,,,,,,,,,,ganar,,,camisa,vegada,,,,,,besar,,,,,,,hacido,cabello,,,,,,,,,,,,,,,,,,,,,,,,63,-1
4/25/23 14:51,4/25/23 14:53,IP Address,74.102.204.253,100,107,TRUE,4/25/23 14:53,R_1r9x2qnMpaxAOAi,,,,,40.488,-74.4544,anonymous,EN,TEST,0,March,3,1901,Cis male,,Homosexual,,College,,Right-handed,Afghanistan,Afghanistan,English,,,,,,,,,,Yes,3,,,Average,,5,,,Average,,5,,,Average,,5,,,Average,,5,18,5,No,5,4,6,,,Average,,,,,Average,,,,,Average,,,,,Average,,,26,Neither agree or disagree,Infrequently,Occasionally,Occasionally,Occasionally,Occasionally,Occasionally,Occasionally,Occasionally,Occasionally,Occasionally,Occasionally,Occasionally,,terzo,,,,,,,,,,,,,,,,,,,,,,,,,,,merodear,,,,,,,,,,,torpe,,,,,,,,,,,,,camisa,,,,,,,,,,flaco,,,,,,alegre,,,,,,,,,,,,,,,,,laúd,,,,,,61,4
4/27/23 06:18,4/27/23 06:24,IP Address,128.6.37.196,100,359,TRUE,4/27/23 06:24,R_1NeP2qpwAigKdJf,,,,,40.5511,-74.4606,anonymous,EN,068,19,April,27,2023,Cis female,,Other,Pansexual,College,,Right-handed,Guyana,United States of America,English,Spanish,,,,,,,,,Yes,16,,,,,5,,,,,5,,,,,5,,,,,5,95,5,No,13,3,19,1,,,,,,Poor,,,,,Poor,,,,,Poor,,,,5,Somewhat disagree,Infrequently,Frequently,Infrequently,Always,Never,Never,Never,Never,Never,Always,Never,Never,,,,,,zapato,,,,,,,,,,,,,,,,capillo,,lampera,,,,,,decar,,,,,,,,,,,,,,,,,,,,ganar,,,camisa,,,nevar,,,,besar,,,,,,,,cabello,alegre,,,,,,,,,,,,,,,,,,,,,,,58,1
4/27/23 12:25,4/27/23 17:12,IP Address,174.206.243.7,100,17228,TRUE,4/27/23 17:12,R_pSmJ1wHTnf8tUQh,,,,,40.5687,-74.3202,anonymous,EN,028,18,April,27,2023,Cis female,,Heterosexual,,Other,pursuing undergrad,Right-handed,United States of America,United States of America,English,Spanish,,,,,,,,,Yes,15,,,,,5,,,,,5,,,,,5,,,,,5,100,5,No,0,8,15,1,,,,,,Poor,,,,,Poor,,,,,,Average,,,5,Somewhat disagree,Infrequently,Frequently,Never,Frequently,Infrequently,Never,Always,Never,Very infrequently,Frequently,Never,Never,"My mother spoke Spanish to me when I was young, that is why I put 0 as the age I started learning Spanish, but I did not start studying Spanish until I was in middle school at 11. Because my mother spoke to me in Spanish when I was young there are some phrases and words in Spanish that I know instinctively without having to translate in my head, there are even some words that I learned in Spanish first and did not learn the English counterpart for until much later in life, which is why I sometimes would forget the English word for something even though I could not hold a conversation in Spanish. It has been really interesting to learn Spanish with this background, because there are a few grammar rules in Spanish that I know because they just ""sound right"" to me from listening to my family speak and then in class I get to learn why those specific grammar rules exist and how they work.",,,,,zapato,,,cadeña,,,,,,yunque,,,,,,,capillo,,lampera,,,,,,,,,,,,,,,,,,,,,cuchara,,,,,ganar,,,camisa,,,,,,,besar,,,flaco,,,,,cabello,,,,,,,,,,,,,,,,,,,barato,,,,,61,3
8/24/23 15:54,8/24/23 16:09,IP Address,69.114.240.209,100,912,TRUE,8/24/23 16:09,R_2c6oCVgPLlKIWit,,,,,40.4999,-74.4247,anonymous,EN,021,26,August,24,2023,Cis female,,Heterosexual,,Graduate school,,Right-handed,United States of America,United States of America,English,Spanish,,,,,,,,,Yes,18,,,,,5,,,,,5,,,,,5,,,,,5,85,5,No,13,11,20,,,,,Very good,,,,Good,,,,,,Very good,,,,,Very good,70,Somewhat agree,Occasionally,Frequently,Occasionally,Occasionally,Occasionally,Never,Always,Very infrequently,Occasionally,Occasionally,Frequently,Occasionally,,,pellizcar,pulmones,,zapato,,pésimo,,hacha,,,asesinato,helar,yunque,,,floroso,,,ávido,capillo,lacayo,,látigo,bisagra,secuestro,,merodear,,alardio,pandilla,,,aviso,,loro,granuja,estornudar,torpe,alfombra,rebuscar,,canela,cuchara,jilguero,martillo,,ladrón,ganar,,candado,camisa,,fomentar,nevar,musgo,tacaño,,besar,matar,seda,flaco,,orgulloso,bizcocho,,cabello,alegre,engatusar,,polvoriento,,hervidor,,yacer,atar,tiburón,frondoso,,hormiga,pozo,,guante,,,barato,,acantilado,prisa,clavel,82,50
9/11/23 14:43,9/11/23 14:57,IP Address,128.6.37.207,100,812,TRUE,9/11/23 14:57,R_1dxZYAr76pclwtN,,,,,40.4999,-74.4247,anonymous,EN,073,18,January,20,2005,Cis male,,Heterosexual,,College,,Right-handed,India,United States of America,English,,,,,,,,,,Yes,12,,,,,5,,,,,5,,,,,5,,,,,5,99,5,No,10,9,17,,,3,,,,Poor,,,,,,,Good,,,Poor,,,,2,Somewhat disagree,Never,Occasionally,Never,Never,Never,Never,Always,Never,Very infrequently,Frequently,Very infrequently,Never,,,,,,zapato,,,,,,,,,,,abracer,,,,,,,lampera,,,,acutación,,,,pandilla,,,,,,,,,alfombra,,,,cuchara,,,,,ganar,,,camisa,,fomentar,,,,,besar,matar,,flaco,,orgulloso,,,,,,,,,,,,,tiburón,,,,,,,,,barato,,,,,60,7
9/12/23 17:43,9/12/23 17:52,IP Address,128.6.36.235,100,545,TRUE,9/12/23 17:52,R_1re5jOnWCNdgWfi,,,,,40.4999,-74.4247,anonymous,EN,091,20,September,12,2023,Cis female,,Other,Bisexual,College,,Right-handed,United States of America,United States of America,English,Spanish,,,,,,,,,Yes,15,,,,,5,,,,,5,,,,,5,,,,,5,95,5,No,11,9,16,,,,Good,,,,,Good,,,,,Good,,,,,Good,,5,Somewhat agree,Occasionally,Occasionally,Infrequently,Occasionally,Occasionally,Never,Very infrequently,Occasionally,Occasionally,Occasionally,Never,Frequently,,,,pulmones,batillón,zapato,,pésimo,cadeña,,,,asesinato,,,,abracer,,,,,,,lampera,,,secuestro,acutación,,,,,,,aviso,rompido,loro,,estornudar,,,rebuscar,,canela,,,,,ladrón,ganar,,candado,camisa,,,,,tacaño,,besar,matar,,flaco,,orgulloso,,hacido,cabello,alegre,,,polvoriento,,,,,,,,,hormiga,,empirador,guante,,,barato,,,,,73,9
9/17/23 12:02,9/17/23 12:30,IP Address,128.6.147.11,100,1651,TRUE,9/17/23 12:30,R_55UAnZj4pU3qQp3,,,,,40.5511,-74.4606,anonymous,EN,070,20,September,17,2023,Cis female,,Homosexual,,College,,Right-handed,United States of America,United States of America,English,Spanish,,,,,,,,,Yes,14,,,,,5,,,,,5,,,,,5,,,,,5,90,5,Yes,0,3,3,,,,,Very good,,,,,Very good,,,,Good,,,,Average,,,10,Agree,Infrequently,Occasionally,Occasionally,Frequently,Occasionally,Never,Frequently,Very infrequently,Very infrequently,Occasionally,Frequently,Frequently,I work as a bilingual nutrition educator and regularly use Spanish in my professional and personal interactions ,,,pulmones,,zapato,,pésimo,cadeña,,,,asesinato,,yunque,regar,,,,,,,,,látigo,,secuestro,,,,,,,,aviso,,loro,,estornudar,torpe,alfombra,rebuscar,,canela,cuchara,,,,ladrón,ganar,,candado,camisa,,,nevar,,,,besar,matar,,flaco,,orgulloso,bizcocho,,cabello,alegre,,temblo,,,hervidor,,,,tiburón,,,hormiga,pozo,,guante,,,barato,,,prisa,,79,31
9/18/23 12:20,9/19/23 09:33,IP Address,107.123.49.26,100,76353,TRUE,9/19/23 09:33,R_3qKJQlvuLsxom3u,,,,,40.7123,-74.0068,anonymous,EN,086,20,September,18,2023,Cis female,,Heterosexual,,College,,Right-handed,United States of America,United States of America,English,Spanish,,,,,,,,,Yes,16,,,,,5,,,,,5,,,,,5,,,,,5,100,5,No,13,6,19,,,3,,,,,Average,,,,Poor,,,,,,,Good,,8,Neither agree or disagree,Never,Frequently,Never,Always,Never,Never,Always,Never,Never,Always,Never,Never,,,,,batillón,zapato,,pésimo,,hacha,,,,,,,abracer,,,,,capillo,,,,,,acutación,,decar,,,,,,,,,estornudar,,,,,,,,,,,,,candado,camisa,,,,,tacaño,,besar,,,,,,,hacido,cabello,,,,,,,,,,,,,,,,,,,,,,prisa,,66,-2
9/20/23 22:51,9/20/23 23:04,IP Address,174.206.227.188,100,812,TRUE,9/20/23 23:04,R_2Vg3s1ErmLYQTXn,,,,,40.6947,-74.2688,anonymous,EN,074,16,September,21,2023,Prefer not to say,,Prefer not to say,,College,,Right-handed,United States of America,United States of America,English,Spanish,,,,,,,,,Yes,12,,,,,5,,,,,5,,,,,5,,,,,5,95,5,No,12,4,14,,,3,,,,,Average,,,,,,,Very good,,,,Good,,10,Somewhat disagree,Occasionally,Frequently,Occasionally,Infrequently,Never,Never,Occasionally,Never,Occasionally,Always,Always,Frequently,"When I speak to bilingual friends I tend to switch between languages more than I would in other situations. With anyone who speaks both English and Spanish, I always prefer to use Spanish.",terzo,,pulmones,,zapato,tergiversar,,cadeña,,,,,helar,yunque,,abracer,,,brecedad,,capillo,,lampera,,,secuestro,acutación,merodear,decar,,,fatacidad,,,rompido,,granuja,estornudar,torpe,alfombra,rebuscar,,canela,,,martillo,cartinar,ladrón,ganar,,,camisa,,,,,,plaudir,besar,matar,,flaco,,orgulloso,bizcocho,,cabello,alegre,,temblo,polvoriento,,hervidor,cintro,,atar,tiburón,,tropaje,hormiga,pozo,empirador,,,laúd,barato,,acantilado,prisa,clavel,76,3
9/29/23 09:38,9/29/23 09:53,IP Address,128.6.37.240,100,902,TRUE,9/29/23 09:53,R_3en0D7TgoDEPDGp,,,,,40.5511,-74.4606,anonymous,EN,042,18,September,29,2023,Cis female,,Heterosexual,,College,,Right-handed,Ecuador,United States of America,English,Spanish,,,,,,,,,Yes,18,,,,,5,,,,,5,,,,,5,,,,,5,100,5,No,2,0,4,,,,,Very good,,,,,Very good,,,,,Very good,,,,Good,,100,Agree,Never,Occasionally,Always,Occasionally,Occasionally,Infrequently,Always,Very infrequently,Frequently,Always,Always,Always,I use Spanish everyday and as a little kid my mom always told me I didn’t like it but I never understood why and I’ve always loved learning Spanish because both of my parents are from Ecuador. ,terzo,,pulmones,,zapato,,,,,,,asesinato,helar,,regar,,,,,,,,,,,secuestro,,,,,,,,aviso,,,,estornudar,,alfombra,,,,cuchara,,,,ladrón,,,candado,camisa,,,nevar,,,,,matar,,flaco,,orgulloso,bizcocho,,cabello,alegre,,,,,,,,,tiburón,,,hormiga,,,guante,,,barato,,,,,89,22
10/6/23 08:09,10/6/23 08:15,IP Address,134.68.238.37,100,343,TRUE,10/6/23 08:15,R_3syPATH0zi6rvc5,,,,,39.786,-86.1589,anonymous,EN,074,21,October,6,2023,Cis male,,Homosexual,,College,,Right-handed,United States of America,United States of America,English,Spanish,,,,,,,,,Yes,16,,,,,5,,,,,5,,,,,5,,,,,5,95,5,No,14,7,20,,,,Good,,,Poor,,,,,,,Good,,,,Average,,,10,Somewhat disagree,Infrequently,Occasionally,Never,Frequently,Infrequently,Never,Always,Never,Very infrequently,Occasionally,Never,Never,,,,pulmones,batillón,zapato,,,,,,,asesinato,,,,abracer,,,,,,,,,,,,,,,,,,aviso,,,,estornudar,torpe,alfombra,,,canela,cuchara,,,,ladrón,ganar,,,camisa,,,nevar,,tacaño,,besar,matar,,flaco,,orgulloso,bizcocho,hacido,cabello,alegre,,,,,,,,atar,tiburón,,,,,,guante,,,barato,,,,,64,19
10/11/23 07:54,10/11/23 08:04,IP Address,128.6.37.166,100,584,TRUE,10/11/23 08:04,R_1mLcFtEIcd6KDHb,,,,,40.5511,-74.4606,anonymous,EN,033,20,October,11,2023,Cis female,,Heterosexual,,College,,Right-handed,United States of America,United States of America,English,Spanish,,,,,,,,,Yes,16,,,,,5,,,,,5,,,,,5,,,,,5,100,5,Yes,0,8,17,,,,Good,,,,Average,,,,,Average,,,,Poor,,,,10,Somewhat agree,Never,Frequently,Infrequently,Always,Never,Never,Occasionally,Very infrequently,Very infrequently,Frequently,Very infrequently,Never,,,,,,zapato,,,cadeña,,,,,,,,abracer,,,,,,,lampera,,,,,,,,,,,aviso,rompido,,,,,alfombra,,,canela,cuchara,,,,ladrón,ganar,,candado,camisa,,,nevar,,tacaño,,besar,matar,,flaco,,orgulloso,bizcocho,hacido,cabello,,,,,,,,,,tiburón,,,hormiga,,,guante,,,barato,,,prisa,,68,12
10/12/23 08:31,10/12/23 08:37,IP Address,128.6.37.115,100,366,TRUE,10/12/23 08:37,R_RnujZNAEe1IrMqJ,,,,,40.5511,-74.4606,anonymous,EN,054,19,October,12,2023,Cis male,,Heterosexual,,College,,Right-handed,Ghana,United States of America,English,Spanish,,,,,,,,,Yes,11,,,,,5,,,,,5,,,,,5,,,,,5,100,5,No,7,9,15,,2,,,,,Poor,,,,,Poor,,,,,Poor,,,,10,Somewhat disagree,Never,Frequently,Never,Always,Never,Never,Always,Never,Never,Always,Very infrequently,Never,,,,pulmones,,zapato,,,,,,,,,,,,,,,,,,lampera,,,,,,,,,,,,,,,,,alfombra,,,,,,,,ladrón,ganar,,,camisa,,,,,,,besar,,,flaco,,orgulloso,,hacido,cabello,alegre,,,,,,,,,,,,,,,,,,barato,,,,,62,8
10/12/23 08:59,10/12/23 09:05,IP Address,128.6.37.170,100,332,TRUE,10/12/23 09:05,R_32Xt5ntFryDqZeT,,,,,40.5511,-74.4606,anonymous,EN,075,18,October,12,2023,Cis female,,Heterosexual,,College,,Right-handed,United States of America,United States of America,English,Spanish,,,,,,,,,Yes,14,,,,,5,,,,,5,,,,,5,,,,,5,100,5,No,10,10,14,,,3,,,,,Average,,,,,Average,,,,,Average,,,0,Somewhat disagree,Infrequently,Occasionally,Never,Always,Never,Never,Never,Never,Never,Never,Never,Never,,terzo,,,batillón,zapato,,,,,,,,,,,,,,,,capillo,,lampera,,,,,,,,,,,aviso,rompido,,,,torpe,,,,,,,,,,,,,,,,,,tacaño,,,,,flaco,,orgulloso,,,cabello,alegre,,,,,,,,,,,,,,,,,,,,,,,57,-2
10/17/23 15:47,10/17/23 15:53,IP Address,174.206.225.99,100,373,TRUE,10/17/23 15:53,R_3Dk0yFLgmDUpwKa,,,,,40.6496,-74.3505,anonymous,EN,006,18,October,17,2023,Cis male,,Heterosexual,,Other,High School,Right-handed,United States of America,United States of America,English,Spanish,,,,,,,,,Yes,13,,,,,5,,,,,5,,,,,5,,,,,5,98,5,No,11,6,18,,2,,,,,Poor,,,,,,Average,,,,,Average,,,2,Somewhat disagree,Never,Frequently,Infrequently,Occasionally,Never,Never,Always,Never,Never,Occasionally,Never,Never,,terzo,,pulmones,,zapato,tergiversar,pésimo,cadeña,hacha,antar,,,,,regar,abracer,floroso,,,,capillo,,lampera,,,secuestro,acutación,,decar,,pandilla,fatacidad,,aviso,rompido,,,,,alfombra,,cadallo,canela,,,martillo,,ladrón,,,,camisa,vegada,,,musgo,tacaño,plaudir,besar,matar,seda,,esposante,,,hacido,cabello,alegre,,,,,hervidor,cintro,,,,frondoso,tropaje,,,empirador,guante,escuto,,,,,,,60,-16
10/18/23 12:00,10/18/23 12:13,IP Address,104.246.5.96,100,754,TRUE,10/18/23 12:13,R_eXKOC4J0dSOWxK9,,,,,40.9979,-74.2903,anonymous,EN,027,20,October,19,2002,Cis female,,Heterosexual,,College,,Right-handed,United States of America,United States of America,English,Spanish,,,,,,,,,Yes,20,,,,,5,,,,,5,,,,,5,,,,,5,100,5,No,19,2,20,,,3,,,,,Average,,,,,Average,,,,,Average,,,10,Neither agree or disagree,Never,Frequently,Never,Always,Infrequently,Never,Always,Never,Never,Always,Never,Never,,,pellizcar,pulmones,,zapato,,pésimo,cadeña,hacha,antar,,,,,regar,abracer,,,,,capillo,,lampera,látigo,bisagra,secuestro,acutación,,decar,,pandilla,,,,rompido,,,estornudar,torpe,alfombra,rebuscar,,canela,cuchara,,martillo,cartinar,ladrón,ganar,,candado,camisa,,fomentar,nevar,,,,besar,matar,,flaco,,,,hacido,cabello,alegre,,,,pemición,hervidor,,yacer,atar,,,,,pozo,,,,,barato,,acantilado,prisa,clavel,66,14
10/18/23 14:38,10/18/23 14:57,IP Address,128.6.36.73,100,1115,TRUE,10/18/23 14:57,R_rkayAvH1xAEY3Dz,,,,,40.488,-74.4544,anonymous,EN,067,19,August,16,2004,Cis male,,Heterosexual,,College,,Right-handed,United States of America,United States of America,English,,,,,,,,,,Yes,12,,,,,5,,,,,5,,,,,5,,,,,5,100,5,No,15,4,19,,2,,,,Very poor,,,,,,Poor,,,,,Poor,,,,0,Somewhat disagree,Never,Frequently,Never,Frequently,Never,Infrequently,Always,Never,Never,Occasionally,Never,Never,,terzo,pellizcar,pulmones,batillón,zapato,,,,,,,,,,,,,,,,,,lampera,,,secuestro,,,decar,,,,,,rompido,,,estornudar,,alfombra,rebuscar,,,,,,,ladrón,ganar,,,,,,,,,,,,,flaco,esposante,,,,,,,,,,,,,,,,,,,,guante,,,,,,,,58,-1
10/21/23 14:42,10/21/23 14:46,IP Address,71.104.80.241,100,266,TRUE,10/21/23 14:47,R_11auq5NU3h9yLfR,,,,,40.2459,-74.2813,anonymous,EN,029,18,November,20,2004,Cis female,,Heterosexual,,College,,Right-handed,United States of America,United States of America,English,Spanish,,,,,,,,,Yes,12,,,,,5,,,,,5,,,,,5,,,,,5,100,5,No,12,3,18,,,3,,,,,Average,,,,,Average,,,,,Average,,,10,Neither agree or disagree,Infrequently,Frequently,Infrequently,Frequently,Never,Never,Occasionally,Never,Very infrequently,Very infrequently,Never,Never,,terzo,pellizcar,pulmones,batillón,zapato,,pésimo,,,antar,cenefa,,helar,,,abracer,,,,,capillo,,lampera,látigo,,secuestro,,merodear,decar,,pandilla,fatacidad,,aviso,rompido,,,estornudar,,alfombra,rebuscar,,,,,martillo,cartinar,ladrón,ganar,flamida,candado,camisa,,,nevar,,,plaudir,besar,matar,,,,orgulloso,,hacido,cabello,alegre,,,,,,,,,,,,,pozo,empirador,,escuto,,barato,,acantilado,prisa,clavel,63,0
10/23/23 13:14,10/23/23 13:20,IP Address,128.6.37.154,100,387,TRUE,10/23/23 13:20,R_ONnixAnn09aT6cV,,,,,40.488,-74.4544,anonymous,EN,064,20,October,23,2023,Cis male,,Heterosexual,,College,,Right-handed,United States of America,United States of America,English,Spanish,,,,,,,,,Yes,12,,,,,5,,,,,5,,,,,5,,,,,5,99,5,No,11,6,17,,,3,,,,,Average,,,,,,Good,,,,,Good,,1,Somewhat agree,Infrequently,Frequently,Occasionally,Infrequently,Never,Never,Always,Never,Never,Always,Very infrequently,Frequently,,,,,,,,,,,antar,,asesinato,,,,,floroso,,,,,,lampera,,,,,,,,,,,,rompido,,,,,alfombra,,,,cuchara,,,,,ganar,,,camisa,,,,,,,besar,matar,,flaco,,orgulloso,bizcocho,,cabello,alegre,,,polvoriento,,,,,,,,,hormiga,,empirador,,,,barato,,,prisa,,73,6
11/13/23 06:20,11/13/23 06:27,IP Address,12.74.238.25,100,402,TRUE,11/13/23 06:27,R_2f6REpZUaGfJ0qz,,,,,40.6286,-73.939,anonymous,EN,062,19,November,13,2023,Cis female,,Heterosexual,,College,,Right-handed,United States of America,United States of America,English,Spanish,,,,,,,,,Yes,14,,,,,5,,,,,5,,,,,5,,,,,5,100,5,No,10,0,15,,,3,,,,,Average,,,,,Average,,,,,Average,,,10,Neither agree or disagree,Never,Frequently,Never,Always,Never,Never,Never,Never,Never,Occasionally,Never,Never,,,,pulmones,batillón,zapato,,,,,,,,,,,,,,,ávido,capillo,,,,,secuestro,,,,,,,,,rompido,,,,,alfombra,rebuscar,,,,,,,,ganar,,,camisa,,,,,,,besar,,,,,,,,cabello,alegre,,,,,,,,,,,,,,,,,,,,,,,60,5
11/13/23 06:20,11/13/23 06:20,IP Address,12.74.238.25,3,12,FALSE,11/20/23 06:20,R_C4xxuphzESlmV0Z,,,,,,,anonymous,EN,,,,,,,,,,,,,,,,,,,,,,,,,,,,,,,5,,,,,5,,,,,5,,,,,5,,5,,,,,,,,,,,,,,,,,,,,,,,,,,,,,,,,,,,,,,,,,,,,,,,,,,,,,,,,,,,,,,,,,,,,,,,,,,,,,,,,,,,,,,,,,,,,,,,,,,,,,,,,,,,,,,,,,,,,,,,,,,,,,,,,,,0,0
11/21/23 12:09,11/21/23 12:15,IP Address,128.6.37.7,100,375,TRUE,11/21/23 12:15,R_1JV16zYQIb9zsRI,,,,,40.488,-74.4544,anonymous,EN,058,19,November,7,2004,Cis female,,Heterosexual,,College,,Right-handed,United States of America,United States of America,English,Spanish,,,,,,,,,Yes,13,,,,,5,,,,,5,,,,,5,,,,,5,99,5,No,8,8,16,,2,,,,,,Average,,,,,Average,,,,,Average,,,31,Neither agree or disagree,Never,Frequently,Never,Frequently,Never,Never,Frequently,Never,Never,Always,Occasionally,Very infrequently,,,,pulmones,batillón,zapato,,pésimo,,,,,,,yunque,,abracer,,,,,capillo,,lampera,,,,,,,,pandilla,,,aviso,rompido,,,estornudar,torpe,alfombra,,,,cuchara,,,,,ganar,,,camisa,,,,,,,,matar,,flaco,,orgulloso,,hacido,cabello,alegre,,,,,,,,,,,,,,empirador,,,,,,,,,66,3
12/9/23 11:05,12/9/23 11:09,IP Address,15.181.145.206,100,249,TRUE,12/9/23 11:09,R_27mqvMgI5bouvhW,,,,,39.9528,-75.1646,anonymous,EN,098,21,December,9,2023,Cis female,,Heterosexual,,College,,Right-handed,United States of America,United States of America,English,Spanish,,,,,,,,,Yes,11,,,,,5,,,,,5,,,,,5,,,,,5,98,5,No,6,8,19,,,3,,,,,Average,,,,,,Good,,,,,Good,,2,Neither agree or disagree,Infrequently,Frequently,Never,Always,Never,Never,Always,Never,Never,Frequently,Never,Never,,,pellizcar,pulmones,,zapato,,pésimo,,hacha,antar,,,helar,,,,,,,,,,,,,,,,,,,,,,,,,,,alfombra,,cadallo,,cuchara,,martillo,,,ganar,,,camisa,,,,,tacaño,,besar,matar,,,,orgulloso,,,cabello,alegre,,,,,,,,,,,,,,,,,,barato,,,,,68,14
12/6/23 11:54,12/6/23 12:00,IP Address,128.6.37.175,92,356,FALSE,12/13/23 12:00,R_1eRmeenm5QdMAkm,,,,,,,anonymous,EN,024,20,December,6,2023,Other,Trans Man,Prefer not to say,,College,,Right-handed,United Republic of Tanzania,United States of America,English,,,,,,,,,,Yes,14,,,,,Very good,,,,,Very good,,,,,Very good,,,,,Very good,100,Comfortable,No,15,6,20,Very poor,,,,,,Poor,,,,,,Average,,,,,Average,,,6,Somewhat disagree,Never,Frequently,Never,Always,Occasionally,Never,Always,Never,Never,Always,Occasionally,Occasionally,,,,,,,,,,,,,,,,,,,,,,,,,,,,,,,,,,,,,,,,,,,,,,,,,,,,,,,,,,,,,,,,,,,,,,,,,,,,,,,,,,,,,,,,,,,,66,0